{
  "Disabled": false,
  "Testing": false,
  "IsThirdParty": false,
  "Author": "ArchiTed",
  "Name": "XIV Auto Attack",
  "Punchline": "Auto attack!",
  "Description": "让自动攻击成为可能，请合理使用！目前为测试阶段较为不稳定，且非常刺激！\n 由于目前作者是个豆芽，很多职业没有满级，如果有不好用的地方或者循环不合理，请及时联系，谢谢！\n 输入/pattack以设置帮助菜单。",
  "Changelog": "",
  "Tags": [
    "Attacks"
  ],
  "CategoryTags": [
    "jobs"
  ],
  "IsHide": false,
  "InternalName": "XIVAutoAttack",
  "AssemblyVersion": "0.9.4.0",
  "IsTestingExclusive": false,
  "RepoUrl": "https://github.com/ArchiDog1998/XIVAutoAttack",
  "ApplicableVersion": "any",
  "DalamudApiLevel": 5,
  "DownloadCount": 514,
  "LastUpdate": 0,
  "DownloadLinkInstall": "https://github.com/ArchiDog1998/XIVAutoAttack/raw/master/latest/latest.zip",
  "DownloadLinkUpdate": "https://github.com/ArchiDog1998/XIVAutoAttack/raw/master/latest/latest.zip",
  "DownloadLinkTesting": "https://github.com/ArchiDog1998/XIVAutoAttack/raw/master/latest/latest.zip",
  "LoadPriority": 0,
  "ImageUrls": [],
  "IconUrl": "https://raw.githubusercontent.com/ArchiDog1998/XIVAutoAttack/master/latest/XIVAutoAttackIcon.png"
}