{
  "Author": "秋水",
  "Name": "XIV Auto Attack",
  "InternalName": "XIVAutoAttack",
  "AssemblyVersion": "0.9.8.4",
  "Description": "让自动攻击成为可能，请合理使用！此插件非常刺激！目前主要用于刷幻化和日随打本。\n如果有不好用的地方或者循环不合理，或者某职业需要添加选项，请及时联系，谢谢！\nQQ群：913297282 注意看下载量！\n输入/pattack以设置帮助菜单。",
  "ApplicableVersion": "any",
  "RepoUrl": "https://github.com/ArchiDog1998/XIVAutoAttack",
  "Tags": [
    "Attack"
  ],
  "CategoryTags": [
    "jobs"
  ],
  "DalamudApiLevel": 6,
  "LoadPriority": 0,
  "IconUrl": "https://raw.githubusercontent.com/ArchiDog1998/XIVAutoAttack/master/latest/XIVAutoAttackIcon.png",
  "Punchline": "Auto attack!",
  "Changelog": "*错误修复*\n- 调整了机工\n- 武士明镜止水使用条件更改\n- 武士彼岸花使用条件更改\n- 身位显示魔幻乱飞的bug\n- 调整了镰刀夜游魂切割的技能优先级\n- 修改了自动命名GUI的名称功能，防止重名\n- 改变了移动技能的选择目标的逻辑。\n*新增功能*\n- 判断怪残血量低于一定值的时候不上dot\n- 在API中添加了一个IsTargetDying属性用来判断是否要倾泻资源（还没用于combo）"
}