{
  "Disabled": false,
  "Testing": false,
  "IsThirdParty": false,
  "Author": "秋水",
  "Name": "XIV Auto Attack",
  "Punchline": "Auto attack!",
  "Description": "让自动攻击成为可能，请合理使用！此插件非常刺激！目前主要用于刷幻化和日随打本。\n如果有不好用的地方或者循环不合理，或者某职业需要添加选项，请及时联系，谢谢！\nQQ群：913297282 注意看下载量！\n输入/pattack以设置帮助菜单。",
  "Tags": [
    "Attack"
  ],
  "CategoryTags": [
    "jobs"
  ],
  "IsHide": false,
  "InternalName": "XIVAutoAttack",
  "AssemblyVersion": "0.9.8.2",
  "IsTestingExclusive": false,
  "RepoUrl": "https://github.com/ArchiDog1998/XIVAutoAttack",
  "ApplicableVersion": "any",
  "DalamudApiLevel": 6,
  "DownloadCount": 1024,
  "LastUpdate": 0,
  "DownloadLinkInstall": "https://github.com/ArchiDog1998/XIVAutoAttack/raw/master/latest/latest.zip",
  "DownloadLinkUpdate": "https://github.com/ArchiDog1998/XIVAutoAttack/raw/master/latest/latest.zip",
  "DownloadLinkTesting": "https://github.com/ArchiDog1998/XIVAutoAttack/raw/master/latest/latest.zip",
  "LoadPriority": 0,
  "ImageUrls": [],
  "IconUrl": "https://raw.githubusercontent.com/ArchiDog1998/XIVAutoAttack/master/latest/XIVAutoAttackIcon.png",
  "AcceptsFeedback": true,
  "FeedbackMessage": null,
  "FeedbackWebhook": null,
  "Changelog": "*错误修复*\n - 解决黑骑的暗黑波动和暗黑锋必须要使用3000MP的bug\n - 召唤和赤魔不再在没有Boss的情况下疯狂奶人\n - 解决机工不会野火的问题\n - 调整了部分贤者的问题\n*新增功能*\n - 可以选择在没事干的时候硬读条拉人。\n - 如果即将使用的技能的身位和所处身位不同，直接一个真北！\n - 可通过聊天窗口控制插件状态"
}