{
  "Disabled": false,
  "Testing": false,
  "IsThirdParty": false,
  "Author": "ArchiTed",
  "Name": "XIV Auto Attack",
  "Punchline": "Auto attack!",
  "Description": "让自动攻击成为可能，请合理使用！目前为测试阶段，非常刺激！",
  "Changelog": "",
  "Tags": [
    "Attacks"
  ],
  "CategoryTags": [
    "jobs"
  ],
  "IsHide": false,
  "InternalName": "XIVAutoAttack",
  "AssemblyVersion": "0.9.0.0",
  "IsTestingExclusive": false,
  "RepoUrl": "https://github.com/ArchiDog1998/XIVAutoAttack",
  "ApplicableVersion": "any",
  "DalamudApiLevel": 5,
  "DownloadCount": 0,
  "LastUpdate": 0,
  "DownloadLinkInstall": "https://github.com/ArchiDog1998/XIVAutoAttack/raw/master/latest/latest.zip",
  "DownloadLinkUpdate": "https://github.com/ArchiDog1998/XIVAutoAttack/raw/master/latest/latest.zip",
  "DownloadLinkTesting": "https://github.com/ArchiDog1998/XIVAutoAttack/raw/master/latest/latest.zip",
  "LoadPriority": 0,
  "ImageUrls": [],
  "IconUrl": "https://raw.githubusercontent.com/grammernatzi/XIVComboPluginExpandedest/master/res/icon.png"
}