{
  "Author": "ArchiTed",
  "Name": "Rotation Solver",
  "InternalName": "RotationSolver",
  "AssemblyVersion": "2.9.3.0",
  "Description": "Based on the pve combat information in one frame, find the best action.\n\nThe `information` is almost all the information available in one frame in combat, including the status of the all players in party, the status of the hostile targets, action cooling, the number of action stack, the MP and HP of characters, the location of characters, casting action of the hostile target, combo ID, combat duration, player level, etc. In this case, opener is also a kind of information that a lot of abilities are not cooling down.\n\nThen, it will highlight the best action one the hot bar, or help you to click on it.\n\nIt is designed for general combat, not for savage or ultimate. So use it carefully.",
  "ApplicableVersion": "any",
  "RepoUrl": "https://github.com/ArchiDog1998/RotationSolver",
  "Tags": [
    "combat",
    "rotation"
  ],
  "CategoryTags": [
    "jobs"
  ],
  "DalamudApiLevel": 8,
  "LoadRequiredState": 0,
  "LoadSync": false,
  "CanUnloadAsync": false,
  "LoadPriority": 0,
  "IconUrl": "https://raw.githubusercontent.com/ArchiDog1998/RotationSolver/main/docs/RotationSolverIcon_128.png",
  "Punchline": "Based on the pve combat information in one frame, find the best action.",
  "AcceptsFeedback": true
}