{
  "runtimeTarget": {
    "name": ".NETCoreApp,Version=v7.0",
    "signature": ""
  },
  "compilationOptions": {},
  "targets": {
    ".NETCoreApp,Version=v7.0": {
      "RotationSolver/2.1.7": {
        "dependencies": {
          "DalamudPackager": "2.1.11",
          "RotationSolver.Basic": "0.9.7",
          "RotationSolver.Default": "2.1.7",
          "RotationSolver.Old": "2.1.7",
          "System.Speech": "7.0.0"
        },
        "runtime": {
          "RotationSolver.dll": {}
        }
      },
      "DalamudPackager/2.1.11": {},
      "System.Speech/7.0.0": {
        "runtime": {
          "lib/net7.0/System.Speech.dll": {
            "assemblyVersion": "4.0.0.0",
            "fileVersion": "7.0.22.51805"
          }
        },
        "runtimeTargets": {
          "runtimes/win/lib/net7.0/System.Speech.dll": {
            "rid": "win",
            "assetType": "runtime",
            "assemblyVersion": "4.0.0.0",
            "fileVersion": "7.0.22.51805"
          }
        }
      },
      "RotationSolver.Basic/0.9.7": {
        "runtime": {
          "RotationSolver.Basic.dll": {}
        }
      },
      "RotationSolver.Default/2.1.7": {
        "dependencies": {
          "RotationSolver.Basic": "0.9.7"
        },
        "runtime": {
          "RotationSolver.Default.dll": {}
        }
      },
      "RotationSolver.Old/2.1.7": {
        "dependencies": {
          "RotationSolver.Basic": "0.9.7"
        },
        "runtime": {
          "RotationSolver.Old.dll": {}
        }
      }
    }
  },
  "libraries": {
    "RotationSolver/2.1.7": {
      "type": "project",
      "serviceable": false,
      "sha512": ""
    },
    "DalamudPackager/2.1.11": {
      "type": "package",
      "serviceable": true,
      "sha512": "sha512-9qlAWoRRTiL/geAvuwR/g6Bcbrd/bJJgVnB/RurBiyKs6srsP0bvpoo8IK+Eg8EA6jWeM6/YJWs66w4FIAzqPw==",
      "path": "dalamudpackager/2.1.11",
      "hashPath": "dalamudpackager.2.1.11.nupkg.sha512"
    },
    "System.Speech/7.0.0": {
      "type": "package",
      "serviceable": true,
      "sha512": "sha512-7E0uB92Cx2sXR67HW9rMKJqDACdLuz9t3I3OwZUFDzAgwKXWuY6CYeRT/NiypHcyZO2be9+0H0w0M6fn7HQtgQ==",
      "path": "system.speech/7.0.0",
      "hashPath": "system.speech.7.0.0.nupkg.sha512"
    },
    "RotationSolver.Basic/0.9.7": {
      "type": "project",
      "serviceable": false,
      "sha512": ""
    },
    "RotationSolver.Default/2.1.7": {
      "type": "project",
      "serviceable": false,
      "sha512": ""
    },
    "RotationSolver.Old/2.1.7": {
      "type": "project",
      "serviceable": false,
      "sha512": ""
    }
  }
}