<?xml version="1.0"?>
<doc>
    <assembly>
        <name>RotationSolver.Basic</name>
    </assembly>
    <members>
        <member name="T:RotationSolver.Basic.Actions.BaseAction">
            <summary>
            The action things around <see cref="T:Lumina.Excel.GeneratedSheets.Action"/>.
            </summary>
        </member>
        <member name="P:RotationSolver.Basic.Actions.BaseAction.IsFriendly">
            <summary>
            Is a friendly action.
            </summary>
        </member>
        <member name="P:RotationSolver.Basic.Actions.BaseAction.IsEot">
            <summary>
            Is effect of time.
            </summary>
        </member>
        <member name="P:RotationSolver.Basic.Actions.BaseAction.ShouldEndSpecial">
            <summary>
            Should end special window after used it.
            </summary>
        </member>
        <member name="P:RotationSolver.Basic.Actions.BaseAction.IsActionSequencer">
            <summary>
            Can be used in the Action Sequencer.
            </summary>
        </member>
        <member name="P:RotationSolver.Basic.Actions.BaseAction.IsGeneralGCD">
            <summary>
            Has a normal gcd action.
            </summary>
        </member>
        <member name="P:RotationSolver.Basic.Actions.BaseAction.IsRealGCD">
            <summary>
            Is a real gcd action, that makes gcd work.
            </summary>
        </member>
        <member name="P:RotationSolver.Basic.Actions.BaseAction.GetDotGcdCount">
            <summary>
            How many gcd left to add the dot.
            </summary>
        </member>
        <member name="P:RotationSolver.Basic.Actions.BaseAction.EnoughLevel">
            <summary>
            Get enough level for using this action.
            </summary>
        </member>
        <member name="P:RotationSolver.Basic.Actions.BaseAction.Level">
            <summary>
            The level of this action.
            </summary>
        </member>
        <member name="P:RotationSolver.Basic.Actions.BaseAction.Name">
            <summary>
            The name of this action.
            </summary>
        </member>
        <member name="P:RotationSolver.Basic.Actions.BaseAction.Description">
            <summary>
            Description about this action.
            </summary>
        </member>
        <member name="P:RotationSolver.Basic.Actions.BaseAction.IsEnabled">
            <summary>
            Is Enabled.
            </summary>
        </member>
        <member name="P:RotationSolver.Basic.Actions.BaseAction.IsInCooldown">
            <summary>
            Is in the cd window.
            </summary>
        </member>
        <member name="P:RotationSolver.Basic.Actions.BaseAction.ID">
            <summary>
            Action ID.
            </summary>
        </member>
        <member name="P:RotationSolver.Basic.Actions.BaseAction.AdjustedID">
            <summary>
            Adjusted action Id.
            </summary>
        </member>
        <member name="P:RotationSolver.Basic.Actions.BaseAction.IconID">
            <summary>
            Icon Id.
            </summary>
        </member>
        <member name="P:RotationSolver.Basic.Actions.BaseAction.CastTime">
            <summary>
            Casting time.
            </summary>
        </member>
        <member name="P:RotationSolver.Basic.Actions.BaseAction.EnemyPositional">
            <summary>
            Action Posotional.
            </summary>
        </member>
        <member name="P:RotationSolver.Basic.Actions.BaseAction.MPNeed">
            <summary>
            Mp it needs.
            </summary>
        </member>
        <member name="P:RotationSolver.Basic.Actions.BaseAction.SortKey">
            <summary>
            Sort for CD window.
            </summary>
        </member>
        <member name="P:RotationSolver.Basic.Actions.BaseAction.AnimationLockTime">
            <summary>
            Animation Lock Time.
            </summary>
        </member>
        <member name="M:RotationSolver.Basic.Actions.BaseAction.#ctor(RotationSolver.Basic.Data.ActionID,RotationSolver.Basic.Data.ActionOption)">
            <summary>
            General Constructer.
            </summary>
            <param name="actionID"></param>
            <param name="option"></param>
        </member>
        <member name="M:RotationSolver.Basic.Actions.BaseAction.ToString">
            <summary>
            To string.
            </summary>
            <returns>string.</returns>
        </member>
        <member name="P:RotationSolver.Basic.Actions.BaseAction.Target">
            <summary>
            The action's target.
            </summary>
        </member>
        <member name="M:RotationSolver.Basic.Actions.BaseAction.CheckStatus(Dalamud.Game.ClientState.Objects.Types.BattleChara)">
            <summary>
            
            </summary>
            <param name="tar"></param>
            <returns>True for add Eot.</returns>
        </member>
        <member name="P:RotationSolver.Basic.Actions.IAction.RecastTimeElapsedRaw">
            <summary>
            Please don't use it.
            </summary>
        </member>
        <member name="P:RotationSolver.Basic.Actions.IAction.RecastTimeOneChargeRaw">
            <summary>
            Please don't use it.
            </summary>
        </member>
        <member name="P:RotationSolver.Basic.Actions.IAction.IsCoolingDown">
            <summary>
            Is action cooling down.
            </summary>
        </member>
        <member name="P:RotationSolver.Basic.Actions.IBaseAction.MPNeed">
            <summary>
            MP for casting.
            </summary>
        </member>
        <member name="P:RotationSolver.Basic.Actions.IBaseAction.CastTime">
            <summary>
            Casting time
            </summary>
        </member>
        <member name="P:RotationSolver.Basic.Actions.IBaseAction.StatusProvide">
            <summary>
            If player has these statuses from player self, this action will not used.
            </summary>
        </member>
        <member name="P:RotationSolver.Basic.Actions.IBaseAction.StatusNeed">
            <summary>
            If player doesn't have these statuses from player self, this action will not used.
            </summary>
        </member>
        <member name="P:RotationSolver.Basic.Actions.IBaseAction.ActionCheck">
            <summary>
            Check for this action, but not for the rotation. It is some additional conditions for this action.
            Input data is the target for this action.
            </summary>
        </member>
        <member name="P:RotationSolver.Basic.Actions.IBaseAction.ChoiceTarget">
            <summary>
            The way to choice the target.
            </summary>
        </member>
        <member name="P:RotationSolver.Basic.Actions.IBaseAction.IsRealGCD">
            <summary>
            Is a GCD action.
            </summary>
        </member>
        <member name="P:RotationSolver.Basic.Actions.IBaseAction.IsGeneralGCD">
            <summary>
            Is a simple gcd action, without other cooldown.
            </summary>
        </member>
        <member name="P:RotationSolver.Basic.Actions.IBaseAction.FilterForHostiles">
            <summary>
            The filter for hostiles.
            </summary>
        </member>
        <member name="M:RotationSolver.Basic.Actions.IBaseAction.CanUse(RotationSolver.Basic.Actions.IAction@,RotationSolver.Basic.Data.CanUseOption,System.Byte)">
            <summary>
            Can I use this action at this time. It will check a lot of things.
            Level, Enabled, Action Status, MP, Player Status, Coll down, Combo, Moving (for casting), Charges, Target, etc.
            </summary>
            <param name="act"></param>
            <param name="option">Options about using this method.</param>
            <param name="gcdCountForAbility">The count of gcd for ability to delay. Only used in BLM right now</param>
            <returns>Should I use.</returns>
        </member>
        <member name="P:RotationSolver.Basic.Actions.IBaseAction.CurrentCharges">
            <summary>
            Current charges count.
            </summary>
        </member>
        <member name="P:RotationSolver.Basic.Actions.IBaseAction.MaxCharges">
            <summary>
            Max charges count.
            </summary>
        </member>
        <member name="P:RotationSolver.Basic.Actions.IBaseAction.HasOneCharge">
            <summary>
            At least has one Charge
            </summary>
        </member>
        <member name="M:RotationSolver.Basic.Actions.IBaseAction.ElapsedOneChargeAfterGCD(System.UInt32,System.Single)">
            <summary>
            Has it been in cooldown for <paramref name="gcdCount"/> gcds and <paramref name="offset"/> abilities?
            </summary>
            <param name="gcdCount"></param>
            <param name="offset"></param>
            <returns></returns>
        </member>
        <member name="M:RotationSolver.Basic.Actions.IBaseAction.ElapsedOneChargeAfter(System.Single)">
            <summary>
            Has it been in cooldown for <paramref name="time"/> seconds?
            </summary>
            <param name="time"></param>
            <returns></returns>
        </member>
        <member name="M:RotationSolver.Basic.Actions.IBaseAction.ElapsedAfterGCD(System.UInt32,System.Single)">
            <summary>
            Has it been in cooldown for <paramref name="gcdCount"/> gcds and <paramref name="offset"/> abilities?
            </summary>
            <param name="gcdCount"></param>
            <param name="offset"></param>
            <returns></returns>
        </member>
        <member name="M:RotationSolver.Basic.Actions.IBaseAction.ElapsedAfter(System.Single)">
            <summary>
            Has it been in cooldown for <paramref name="time"/> seconds?
            </summary>
            <param name="time"></param>
            <returns></returns>
        </member>
        <member name="M:RotationSolver.Basic.Actions.IBaseAction.WillHaveOneChargeGCD(System.UInt32,System.Single)">
            <summary>
            Will have at least one charge after <paramref name="gcdCount"/> gcds and <paramref name="offset"/> abilities?
            </summary>
            <param name="gcdCount"></param>
            <param name="offset"></param>
            <returns></returns>
        </member>
        <member name="M:RotationSolver.Basic.Actions.IBaseAction.WillHaveOneCharge(System.Single)">
            <summary>
            Will have at least one charge after <paramref name="remain"/> seconds?
            </summary>
            <param name="remain"></param>
            <returns></returns>
        </member>
        <member name="P:RotationSolver.Basic.Actions.IBaseAction.TargetStatus">
            <summary>
            If target has these statuses from player self, this aciton will not used.
            </summary>
        </member>
        <member name="P:RotationSolver.Basic.Actions.IBaseAction.IsTargetBoss">
            <summary>
            Is target a boss.
            </summary>
        </member>
        <member name="P:RotationSolver.Basic.Actions.IBaseAction.IsTargetDying">
            <summary>
            Is target will die immediately.
            </summary>
        </member>
        <member name="P:RotationSolver.Basic.Actions.IBaseAction.IsSingleTarget">
            <summary>
            Is this action's target type is target only one.
            </summary>
        </member>
        <member name="T:RotationSolver.Basic.Attributes.AssemblyLinkAttribute">
            <summary>
            An attribute to add the help and support link.
            </summary>
        </member>
        <member name="P:RotationSolver.Basic.Attributes.AssemblyLinkAttribute.SupportLink">
            <summary>
            The support link
            </summary>
        </member>
        <member name="P:RotationSolver.Basic.Attributes.AssemblyLinkAttribute.HelpLink">
            <summary>
            Wiki link.
            </summary>
        </member>
        <member name="P:RotationSolver.Basic.Attributes.AssemblyLinkAttribute.ChangeLog">
            <summary>
            A link to change log.
            </summary>
        </member>
        <member name="P:RotationSolver.Basic.Attributes.AssemblyLinkAttribute.Donate">
            <summary>
            A link for donate.
            </summary>
        </member>
        <member name="M:RotationSolver.Basic.Attributes.AssemblyLinkAttribute.#ctor(System.String,System.String,System.String,System.String)">
            <summary>
            Constructer.
            </summary>
            <param name="supportLink"><see cref="P:RotationSolver.Basic.Attributes.AssemblyLinkAttribute.SupportLink"/></param>
            <param name="helpLink"><see cref="P:RotationSolver.Basic.Attributes.AssemblyLinkAttribute.HelpLink"/></param>
            <param name="changeLog"><see cref="P:RotationSolver.Basic.Attributes.AssemblyLinkAttribute.ChangeLog"/></param>
            <param name="donate"><see cref="P:RotationSolver.Basic.Attributes.AssemblyLinkAttribute.Donate"/></param>
        </member>
        <member name="T:RotationSolver.Basic.Attributes.AuthorHashAttribute">
            <summary>
            Put your hash code from debug tab into this.
            In this case if someone is using this plugin with you in the same duty. They'll use some emote to you!
            </summary>
        </member>
        <member name="P:RotationSolver.Basic.Attributes.AuthorHashAttribute.Hash">
            <summary>
            The hash of your character.
            </summary>
        </member>
        <member name="M:RotationSolver.Basic.Attributes.AuthorHashAttribute.#ctor(System.String)">
            <summary>
            Constructer
            </summary>
            <param name="hash"><see cref="P:RotationSolver.Basic.Attributes.AuthorHashAttribute.Hash"/></param>
        </member>
        <member name="T:RotationSolver.Basic.Configuration.ActionEventInfo">
            <summary>
            To save the special actions.
            </summary>
        </member>
        <member name="F:RotationSolver.Basic.Configuration.ActionEventInfo.Name">
            <summary>
            Action Name.
            </summary>
        </member>
        <member name="M:RotationSolver.Basic.Configuration.RotationConfig.IRotationConfigSet.GetString(System.String)">
            <summary>
            Get the raw string value in the saved dictionary, is not readable.
            </summary>
            <param name="name"></param>
            <returns></returns>
        </member>
        <member name="M:RotationSolver.Basic.Configuration.RotationConfig.IRotationConfigSet.GetDisplayString(System.String)">
            <summary>
            Get the readable string for display.
            </summary>
            <param name="name"></param>
            <returns></returns>
        </member>
        <member name="P:RotationSolver.Basic.DataCenter.ActionRemain">
            <summary>
            Time to the next action
            </summary>
        </member>
        <member name="T:RotationSolver.Basic.Data.ActionCate">
            <summary>
            The action Category.
            </summary>
        </member>
        <member name="F:RotationSolver.Basic.Data.ActionCate.AutoAttack">
            <summary>
            Auto Attack.
            </summary>
        </member>
        <member name="F:RotationSolver.Basic.Data.ActionCate.Spell">
            <summary>
            Spell
            </summary>
        </member>
        <member name="F:RotationSolver.Basic.Data.ActionCate.WeaponSkill">
            <summary>
            Weapon Skill
            </summary>
        </member>
        <member name="F:RotationSolver.Basic.Data.ActionCate.Ability">
            <summary>
            Ability.
            </summary>
        </member>
        <member name="F:RotationSolver.Basic.Data.ActionCate.Item">
            <summary>
            Items.
            </summary>
        </member>
        <member name="F:RotationSolver.Basic.Data.ActionCate.DoLAbility">
            <summary>
            Land Abilities.
            </summary>
        </member>
        <member name="F:RotationSolver.Basic.Data.ActionCate.DoHAbility">
            <summary>
            Hand Abilities.
            </summary>
        </member>
        <member name="F:RotationSolver.Basic.Data.ActionCate.Event">
            <summary>
            Events.
            </summary>
        </member>
        <member name="F:RotationSolver.Basic.Data.ActionCate.LimitBreak9">
            <summary>
            LB
            </summary>
        </member>
        <member name="F:RotationSolver.Basic.Data.ActionCate.System10">
            <summary>
            System.
            </summary>
        </member>
        <member name="F:RotationSolver.Basic.Data.ActionCate.System11">
            <summary>
            System.
            </summary>
        </member>
        <member name="F:RotationSolver.Basic.Data.ActionCate.Mount">
            <summary>
            Mount.
            </summary>
        </member>
        <member name="F:RotationSolver.Basic.Data.ActionCate.Special">
            <summary>
            Special Actions.
            </summary>
        </member>
        <member name="F:RotationSolver.Basic.Data.ActionCate.ItemManipulation">
            <summary>
            Item Manipulation
            </summary>
        </member>
        <member name="F:RotationSolver.Basic.Data.ActionCate.LimitBreak15">
            <summary>
            LB
            </summary>
        </member>
        <member name="F:RotationSolver.Basic.Data.ActionCate.Artillery">
            <summary>
            Artillery
            </summary>
        </member>
        <member name="T:RotationSolver.Basic.Data.ActionID">
            <summary>
            The id of the action
            </summary>
        </member>
        <member name="F:RotationSolver.Basic.Data.ActionID.None">
            <summary>
            No Actions.
            </summary>
        </member>
        <member name="T:RotationSolver.Basic.Data.ActionOption">
            <summary>
            The type of action.
            </summary>
        </member>
        <member name="F:RotationSolver.Basic.Data.ActionOption.None">
            <summary>
            The normal one.
            </summary>
        </member>
        <member name="F:RotationSolver.Basic.Data.ActionOption.Friendly">
            <summary>
            is a friendly or supporting action
            </summary>
        </member>
        <member name="F:RotationSolver.Basic.Data.ActionOption.Eot">
            <summary>
            is hot or dot action
            </summary>
        </member>
        <member name="F:RotationSolver.Basic.Data.ActionOption.EndSpecial">
            <summary>
            end special after using it
            </summary>
        </member>
        <member name="F:RotationSolver.Basic.Data.ActionOption.ActionSequencer">
            <summary>
            should I put it to the Action Sequencer (Doesn't affect dps much)
            </summary>
        </member>
        <member name="F:RotationSolver.Basic.Data.ActionOption.GeneralGCD">
            <summary>
            Is a GCD action.
            </summary>
        </member>
        <member name="F:RotationSolver.Basic.Data.ActionOption.RealGCD">
            <summary>
            Is a simple gcd action, without other cooldown.
            </summary>
        </member>
        <member name="F:RotationSolver.Basic.Data.ActionOption.Dot">
            <summary>
            Dot action
            </summary>
        </member>
        <member name="F:RotationSolver.Basic.Data.ActionOption.Attack">
            <summary>
            Attack action
            </summary>
        </member>
        <member name="F:RotationSolver.Basic.Data.ActionOption.Heal">
            <summary>
            Heal action
            </summary>
        </member>
        <member name="F:RotationSolver.Basic.Data.ActionOption.Defense">
            <summary>
            Defense action (you need to change the targeting strategy.
            </summary>
        </member>
        <member name="F:RotationSolver.Basic.Data.ActionOption.Hot">
            <summary>
            Hot action
            </summary>
        </member>
        <member name="F:RotationSolver.Basic.Data.ActionOption.Buff">
            <summary>
            Some buff
            </summary>
        </member>
        <member name="T:RotationSolver.Basic.Data.ActionRec">
            <summary>
            Action Record
            </summary>
            <param name="UsedTime">Action used time.</param>
            <param name="Action">The action.</param>
        </member>
        <member name="M:RotationSolver.Basic.Data.ActionRec.#ctor(System.DateTime,Lumina.Excel.GeneratedSheets.Action)">
            <summary>
            Action Record
            </summary>
            <param name="UsedTime">Action used time.</param>
            <param name="Action">The action.</param>
        </member>
        <member name="P:RotationSolver.Basic.Data.ActionRec.UsedTime">
            <summary>Action used time.</summary>
        </member>
        <member name="P:RotationSolver.Basic.Data.ActionRec.Action">
            <summary>The action.</summary>
        </member>
        <member name="T:RotationSolver.Basic.Data.DamageRec">
            <summary>
            Time that got damage.
            </summary>
            <param name="ReceiveTime">the time.</param>
            <param name="Ratio">ratio of hp.</param>
        </member>
        <member name="M:RotationSolver.Basic.Data.DamageRec.#ctor(System.DateTime,System.Single)">
            <summary>
            Time that got damage.
            </summary>
            <param name="ReceiveTime">the time.</param>
            <param name="Ratio">ratio of hp.</param>
        </member>
        <member name="P:RotationSolver.Basic.Data.DamageRec.ReceiveTime">
            <summary>the time.</summary>
        </member>
        <member name="P:RotationSolver.Basic.Data.DamageRec.Ratio">
            <summary>ratio of hp.</summary>
        </member>
        <member name="T:RotationSolver.Basic.Data.AutoStatus">
            <summary>
            The status of auto.
            </summary>
        </member>
        <member name="F:RotationSolver.Basic.Data.AutoStatus.None">
            <summary>
            Nothing.
            </summary>
        </member>
        <member name="F:RotationSolver.Basic.Data.AutoStatus.Interrupt">
            <summary>
            Shall we interrupt.
            </summary>
        </member>
        <member name="F:RotationSolver.Basic.Data.AutoStatus.TankStance">
            <summary>
            Shall we use tank stance.
            </summary>
        </member>
        <member name="F:RotationSolver.Basic.Data.AutoStatus.Provoke">
            <summary>
            Shall we provoke some enemy.
            </summary>
        </member>
        <member name="F:RotationSolver.Basic.Data.AutoStatus.DefenseSingle">
            <summary>
            Shall we defense single.
            </summary>
        </member>
        <member name="F:RotationSolver.Basic.Data.AutoStatus.DefenseArea">
            <summary>
            Shall we defense are.
            </summary>
        </member>
        <member name="F:RotationSolver.Basic.Data.AutoStatus.HealSingleAbility">
            <summary>
            Shall we heal single by ability.
            </summary>
        </member>
        <member name="F:RotationSolver.Basic.Data.AutoStatus.HealSingleSpell">
            <summary>
            Shall we heal single by spell.
            </summary>
        </member>
        <member name="F:RotationSolver.Basic.Data.AutoStatus.HealAreaAbility">
            <summary>
            Shall we heal area by ability.
            </summary>
        </member>
        <member name="F:RotationSolver.Basic.Data.AutoStatus.HealAreaSpell">
            <summary>
            Shall we heal area by spell.
            </summary>
        </member>
        <member name="F:RotationSolver.Basic.Data.AutoStatus.Raise">
            <summary>
            Shall we raise.
            </summary>
        </member>
        <member name="F:RotationSolver.Basic.Data.AutoStatus.Esuna">
            <summary>
            Shall we esuna.
            </summary>
        </member>
        <member name="F:RotationSolver.Basic.Data.CanUseOption.None">
            <summary>
            Nothing serious.
            </summary>
        </member>
        <member name="F:RotationSolver.Basic.Data.CanUseOption.MustUse">
            <summary>
            AOE only need one target to use.
            Moving action don't need to have enough distance to use. 
            Skip for StatusProvide and TargetStatus checking.
            </summary>
        </member>
        <member name="F:RotationSolver.Basic.Data.CanUseOption.EmptyOrSkipCombo">
            <summary>
            Use all charges, no keeping one.
            Do not need to check the combo.
            </summary>
        </member>
        <member name="F:RotationSolver.Basic.Data.CanUseOption.SkipDisable">
            <summary>
            Skip the disable for emergency use. Please always set this to false.
            </summary>
        </member>
        <member name="F:RotationSolver.Basic.Data.CanUseOption.IgnoreTarget">
            <summary>
            Ignore the target data.
            </summary>
        </member>
        <member name="F:RotationSolver.Basic.Data.CanUseOption.IgnoreCastCheck">
            <summary>
            Ignore the check of casting an action while moving.
            </summary>
        </member>
        <member name="F:RotationSolver.Basic.Data.CanUseOption.MustUseEmpty">
            <summary>
            The combination of <see cref="F:RotationSolver.Basic.Data.CanUseOption.MustUse"/> and <see cref="F:RotationSolver.Basic.Data.CanUseOption.EmptyOrSkipCombo"/>
            </summary>
        </member>
        <member name="F:RotationSolver.Basic.Data.CanUseOption.OnLastAbility">
            <summary>
            On the last ability in one GCD.
            </summary>
        </member>
        <member name="F:RotationSolver.Basic.Data.CanUseOption.IgnoreClippingCheck">
            <summary>
            Ignore clipping check for 0GCDs.
            </summary>
        </member>
        <member name="M:RotationSolver.Basic.Helpers.ObjectHelper.IsBoss(Dalamud.Game.ClientState.Objects.Types.BattleChara)">
            <summary>
            Is character a boss? Max HP exceeds a certain amount.
            </summary>
            <param name="obj"></param>
            <returns></returns>
        </member>
        <member name="M:RotationSolver.Basic.Helpers.ObjectHelper.IsDying(Dalamud.Game.ClientState.Objects.Types.BattleChara)">
            <summary>
            Is character a dying? Current HP is below a certain amount. It is for running out of resources.
            </summary>
            <param name="b"></param>
            <returns></returns>
        </member>
        <member name="M:RotationSolver.Basic.Helpers.ObjectHelper.GetHealthRatio(Dalamud.Game.ClientState.Objects.Types.BattleChara)">
            <summary>
            Get the <paramref name="b"/>'s current HP percentage.
            </summary>
            <param name="b"></param>
            <returns></returns>
        </member>
        <member name="M:RotationSolver.Basic.Helpers.ObjectHelper.DistanceToPlayer(Dalamud.Game.ClientState.Objects.Types.GameObject)">
            <summary>
            The distance from <paramref name="obj"/> to the player
            </summary>
            <param name="obj"></param>
            <returns></returns>
        </member>
        <member name="M:RotationSolver.Basic.Helpers.StatusHelper.WillStatusEndGCD(Dalamud.Game.ClientState.Objects.Types.BattleChara,System.UInt32,System.Single,System.Boolean,RotationSolver.Basic.Data.StatusID[])">
            <summary>
            Will any of <paramref name="statusIDs"/> be end after <paramref name="gcdCount"/> gcds add <paramref name="offset"/> seconds?
            </summary>
            <param name="obj"></param>
            <param name="gcdCount"></param>
            <param name="offset"></param>
            <param name="isFromSelf"></param>
            <param name="statusIDs"></param>
            <returns></returns>
        </member>
        <member name="M:RotationSolver.Basic.Helpers.StatusHelper.WillStatusEnd(Dalamud.Game.ClientState.Objects.Types.BattleChara,System.Single,System.Boolean,RotationSolver.Basic.Data.StatusID[])">
            <summary>
            Will any of <paramref name="statusIDs"/> be end after <paramref name="time"/> seconds?
            </summary>
            <param name="obj"></param>
            <param name="time"></param>
            <param name="isFromSelf"></param>
            <param name="statusIDs"></param>
            <returns></returns>
        </member>
        <member name="M:RotationSolver.Basic.Helpers.StatusHelper.StatusTime(Dalamud.Game.ClientState.Objects.Types.BattleChara,System.Boolean,RotationSolver.Basic.Data.StatusID[])">
            <summary>
            Please Do NOT use it!
            </summary>
            <param name="obj"></param>
            <param name="isFromSelf"></param>
            <param name="statusIDs"></param>
            <returns></returns>
        </member>
        <member name="M:RotationSolver.Basic.Helpers.StatusHelper.HasStatus(Dalamud.Game.ClientState.Objects.Types.BattleChara,System.Boolean,RotationSolver.Basic.Data.StatusID[])">
            <summary>
            Has one status right now.
            </summary>
            <param name="obj"></param>
            <param name="isFromSelf"></param>
            <param name="statusIDs"></param>
            <returns></returns>
        </member>
        <member name="M:RotationSolver.Basic.Helpers.TargetFilter.FindAttackedTarget(System.Collections.Generic.IEnumerable{Dalamud.Game.ClientState.Objects.Types.BattleChara},System.Boolean)">
            <summary>
            发现被攻击的目标
            </summary>
            <param name="charas"></param>
            <param name="mustUse"></param>
            <returns></returns>
        </member>
        <member name="M:RotationSolver.Basic.Helpers.TargetFilter.ProvokeTarget(System.Collections.Generic.IEnumerable{Dalamud.Game.ClientState.Objects.Types.BattleChara},System.Boolean)">
            <summary>
            挑衅目标
            </summary>
            <param name="inputCharas"></param>
            <param name="needDistance"></param>
            <returns></returns>
        </member>
        <member name="M:RotationSolver.Basic.Helpers.TargetFilter.GetDeathPeople(System.Collections.Generic.IEnumerable{Dalamud.Game.ClientState.Objects.Types.BattleChara},System.Collections.Generic.IEnumerable{Dalamud.Game.ClientState.Objects.Types.BattleChara})">
            <summary>
            获得死亡的角色
            </summary>
            <param name="deathAll"></param>
            <param name="deathParty"></param>
            <returns></returns>
        </member>
        <member name="M:RotationSolver.Basic.Helpers.TargetFilter.GetObjectInRadius``1(System.Collections.Generic.IEnumerable{``0},System.Single)">
            <summary>
            获得范围<paramref name="radius"/>内对象<paramref name="objects"/>
            </summary>
            <typeparam name="T"></typeparam>
            <param name="objects"></param>
            <param name="radius"></param>
            <returns></returns>
        </member>
        <member name="P:RotationSolver.Basic.IEnouthLevel.EnoughLevel">
            <summary>
            Player's level is enough for this action's usage.
            </summary>
        </member>
        <member name="T:RotationSolver.Basic.Rotations.Basic.AST_Base">
            <summary>
            Astrologian
            </summary>
        </member>
        <member name="P:RotationSolver.Basic.Rotations.Basic.DNC_Base.Cascade">
            <summary>
            1
            </summary>
        </member>
        <member name="P:RotationSolver.Basic.Rotations.Basic.DNC_Base.Fountain">
            <summary>
            2
            </summary>
        </member>
        <member name="P:RotationSolver.Basic.Rotations.Basic.DNC_Base.ReverseCascade">
            <summary>
            3
            </summary>
        </member>
        <member name="P:RotationSolver.Basic.Rotations.Basic.DNC_Base.FountainFall">
            <summary>
            4
            </summary>
        </member>
        <member name="P:RotationSolver.Basic.Rotations.Basic.DNC_Base.Windmill">
            <summary>
            1
            </summary>
        </member>
        <member name="P:RotationSolver.Basic.Rotations.Basic.DNC_Base.BladeShower">
            <summary>
            2
            </summary>
        </member>
        <member name="P:RotationSolver.Basic.Rotations.Basic.DNC_Base.RisingWindmill">
            <summary>
            3
            </summary>
        </member>
        <member name="P:RotationSolver.Basic.Rotations.Basic.DNC_Base.BloodShower">
            <summary>
            4
            </summary>
        </member>
        <member name="P:RotationSolver.Basic.Rotations.Basic.DRG_Base.FocusCount">
            <summary>
            Firstminds Count
            </summary>
        </member>
        <member name="P:RotationSolver.Basic.Rotations.Basic.DRG_Base.TrueThrust">
            <summary>
            1
            </summary>
        </member>
        <member name="P:RotationSolver.Basic.Rotations.Basic.DRG_Base.VorpalThrust">
            <summary>
            2
            </summary>
        </member>
        <member name="P:RotationSolver.Basic.Rotations.Basic.DRG_Base.FullThrust">
            <summary>
            3
            </summary>
        </member>
        <member name="P:RotationSolver.Basic.Rotations.Basic.DRG_Base.HeavensThrust">
            <summary>
            3
            </summary>
        </member>
        <member name="P:RotationSolver.Basic.Rotations.Basic.DRG_Base.DoomSpike">
            <summary>
            1
            </summary>
        </member>
        <member name="P:RotationSolver.Basic.Rotations.Basic.DRG_Base.SonicThrust">
            <summary>
            2
            </summary>
        </member>
        <member name="P:RotationSolver.Basic.Rotations.Basic.DRG_Base.CoerthanTorment">
            <summary>
            3
            </summary>
        </member>
        <member name="P:RotationSolver.Basic.Rotations.Basic.DRK_Base.HardSlash">
            <summary>
            1
            </summary>
        </member>
        <member name="P:RotationSolver.Basic.Rotations.Basic.DRK_Base.SyphonStrike">
            <summary>
            2
            </summary>
        </member>
        <member name="P:RotationSolver.Basic.Rotations.Basic.DRK_Base.Souleater">
            <summary>
            3
            </summary>
        </member>
        <member name="P:RotationSolver.Basic.Rotations.Basic.DRK_Base.Unleash">
            <summary>
            1
            </summary>
        </member>
        <member name="P:RotationSolver.Basic.Rotations.Basic.DRK_Base.StalwartSoul">
            <summary>
            2
            </summary>
        </member>
        <member name="P:RotationSolver.Basic.Rotations.Basic.GNB_Base.KeenEdge">
            <summary>
            1
            </summary>
        </member>
        <member name="P:RotationSolver.Basic.Rotations.Basic.GNB_Base.BrutalShell">
            <summary>
            2
            </summary>
        </member>
        <member name="P:RotationSolver.Basic.Rotations.Basic.GNB_Base.SolidBarrel">
            <summary>
            3
            </summary>
        </member>
        <member name="P:RotationSolver.Basic.Rotations.Basic.GNB_Base.DemonSlice">
            <summary>
            1
            </summary>
        </member>
        <member name="P:RotationSolver.Basic.Rotations.Basic.GNB_Base.DemonSlaughter">
            <summary>
            2
            </summary>
        </member>
        <member name="P:RotationSolver.Basic.Rotations.Basic.MCH_Base.SplitShot">
            <summary>
            1
            </summary>
        </member>
        <member name="P:RotationSolver.Basic.Rotations.Basic.MCH_Base.SlugShot">
            <summary>
            2
            </summary>
        </member>
        <member name="P:RotationSolver.Basic.Rotations.Basic.MCH_Base.CleanShot">
            <summary>
            3
            </summary>
        </member>
        <member name="P:RotationSolver.Basic.Rotations.Basic.MCH_Base.SpreadShot">
            <summary>
            1
            </summary>
        </member>
        <member name="P:RotationSolver.Basic.Rotations.Basic.MCH_Base.AutoCrossbow">
            <summary>
            2
            </summary>
        </member>
        <member name="P:RotationSolver.Basic.Rotations.Basic.NIN_Base.SpinningEdge">
            <summary>
            1
            </summary>
        </member>
        <member name="P:RotationSolver.Basic.Rotations.Basic.NIN_Base.GustSlash">
            <summary>
            2
            </summary>
        </member>
        <member name="P:RotationSolver.Basic.Rotations.Basic.NIN_Base.AeolianEdge">
            <summary>
            3
            </summary>
        </member>
        <member name="P:RotationSolver.Basic.Rotations.Basic.NIN_Base.ArmorCrush">
            <summary>
            4
            </summary>
        </member>
        <member name="P:RotationSolver.Basic.Rotations.Basic.NIN_Base.DeathBlossom">
            <summary>
            1
            </summary>
        </member>
        <member name="P:RotationSolver.Basic.Rotations.Basic.NIN_Base.HakkeMujinsatsu">
            <summary>
            2
            </summary>
        </member>
        <member name="P:RotationSolver.Basic.Rotations.Basic.PLD_Base.FastBlade">
            <summary>
            1
            </summary>
        </member>
        <member name="P:RotationSolver.Basic.Rotations.Basic.PLD_Base.RiotBlade">
            <summary>
            2
            </summary>
        </member>
        <member name="P:RotationSolver.Basic.Rotations.Basic.PLD_Base.RageOfHalone">
            <summary>
            3
            </summary>
        </member>
        <member name="P:RotationSolver.Basic.Rotations.Basic.PLD_Base.TotalEclipse">
            <summary>
            1
            </summary>
        </member>
        <member name="P:RotationSolver.Basic.Rotations.Basic.PLD_Base.Prominence">
            <summary>
            2
            </summary>
        </member>
        <member name="P:RotationSolver.Basic.Rotations.Basic.RPR_Base.Slice">
            <summary>
            1
            </summary>
        </member>
        <member name="P:RotationSolver.Basic.Rotations.Basic.RPR_Base.WaxingSlice">
            <summary>
            2
            </summary>
        </member>
        <member name="P:RotationSolver.Basic.Rotations.Basic.RPR_Base.InfernalSlice">
            <summary>
            3
            </summary>
        </member>
        <member name="P:RotationSolver.Basic.Rotations.Basic.RPR_Base.SpinningScythe">
            <summary>
            1
            </summary>
        </member>
        <member name="P:RotationSolver.Basic.Rotations.Basic.RPR_Base.NightmareScythe">
            <summary>
            2
            </summary>
        </member>
        <member name="P:RotationSolver.Basic.Rotations.Basic.WAR_Base.HeavySwing">
            <summary>
            1
            </summary>
        </member>
        <member name="P:RotationSolver.Basic.Rotations.Basic.WAR_Base.Maim">
            <summary>
            2
            </summary>
        </member>
        <member name="P:RotationSolver.Basic.Rotations.Basic.WAR_Base.StormsPath">
            <summary>
            3
            </summary>
        </member>
        <member name="P:RotationSolver.Basic.Rotations.Basic.WAR_Base.StormsEye">
            <summary>
            4
            </summary>
        </member>
        <member name="P:RotationSolver.Basic.Rotations.Basic.WAR_Base.Overpower">
            <summary>
            1
            </summary>
        </member>
        <member name="P:RotationSolver.Basic.Rotations.Basic.WAR_Base.MythrilTempest">
            <summary>
            2
            </summary>
        </member>
        <member name="M:RotationSolver.Basic.Rotations.CustomRotation.EmergencyAbility(RotationSolver.Basic.Actions.IAction,RotationSolver.Basic.Actions.IAction@)">
            <summary>
            It got the highest prioriy among abilities. 
            </summary>
            <param name="nextGCD">The next gcd action.</param>
            <param name="act">Result action.</param>
            <returns>Can we use it.</returns>
        </member>
        <member name="M:RotationSolver.Basic.Rotations.CustomRotation.MoveForwardAbility(RotationSolver.Basic.Actions.IAction@)">
            <summary>
            The ability that makes character moving forward.
            </summary>
            <param name="act">Result action.</param>
            <returns>Can we use it.</returns>
        </member>
        <member name="M:RotationSolver.Basic.Rotations.CustomRotation.MoveBackAbility(RotationSolver.Basic.Actions.IAction@)">
            <summary>
            The ability that makes character moving Back.
            </summary>
            <param name="act">Result action.</param>
            <returns>Can we use it.</returns>
        </member>
        <member name="M:RotationSolver.Basic.Rotations.CustomRotation.HealSingleAbility(RotationSolver.Basic.Actions.IAction@)">
            <summary>
            The ability that heals single character.
            </summary>
            <param name="act">Result action.</param>
            <returns>Can we use it.</returns>
        </member>
        <member name="M:RotationSolver.Basic.Rotations.CustomRotation.HealAreaAbility(RotationSolver.Basic.Actions.IAction@)">
            <summary>
            The ability that heals area.
            </summary>
            <param name="act">Result action.</param>
            <returns>Can we use it.</returns>
        </member>
        <member name="M:RotationSolver.Basic.Rotations.CustomRotation.DefenseSingleAbility(RotationSolver.Basic.Actions.IAction@)">
            <summary>
            The ability that defenses single character.
            </summary>
            <param name="act">Result action.</param>
            <returns>Can we use it.</returns>
        </member>
        <member name="M:RotationSolver.Basic.Rotations.CustomRotation.DefenseAreaAbility(RotationSolver.Basic.Actions.IAction@)">
            <summary>
            The ability that defense area.
            </summary>
            <param name="act">Result action.</param>
            <returns>Can we use it.</returns>
        </member>
        <member name="M:RotationSolver.Basic.Rotations.CustomRotation.SpeedAbility(RotationSolver.Basic.Actions.IAction@)">
            <summary>
            The ability that speeds your chacacter up.
            </summary>
            <param name="act">Result action.</param>
            <returns>Can we use it.</returns>
        </member>
        <member name="M:RotationSolver.Basic.Rotations.CustomRotation.GeneralAbility(RotationSolver.Basic.Actions.IAction@)">
            <summary>
            The ability that can be done anywhere.
            </summary>
            <param name="act">Result action.</param>
            <returns>Can we use it.</returns>
        </member>
        <member name="M:RotationSolver.Basic.Rotations.CustomRotation.AttackAbility(RotationSolver.Basic.Actions.IAction@)">
            <summary>
            The ability that attackes some enemy.
            </summary>
            <param name="act">Result action.</param>
            <returns>Can we use it.</returns>
        </member>
        <member name="M:RotationSolver.Basic.Rotations.CustomRotation.UpdateInfo">
            <summary>
            Update your customized field.
            </summary>
        </member>
        <member name="P:RotationSolver.Basic.Rotations.CustomRotation.Player">
            <summary>
            This is the player.
            </summary>
        </member>
        <member name="P:RotationSolver.Basic.Rotations.CustomRotation.Level">
            <summary>
            The level of the player.
            </summary>
        </member>
        <member name="P:RotationSolver.Basic.Rotations.CustomRotation.HasSwift">
            <summary>
            Does player have swift cast, dual cast or triple cast.
            </summary>
        </member>
        <member name="P:RotationSolver.Basic.Rotations.CustomRotation.HasTankStance">
            <summary>
            
            </summary>
        </member>
        <member name="P:RotationSolver.Basic.Rotations.CustomRotation.IsMoving">
            <summary>
            Check the player is moving, such as running, walking or jumping.
            </summary>
        </member>
        <member name="P:RotationSolver.Basic.Rotations.CustomRotation.InCombat">
            <summary>
            Is in combat.
            </summary>
        </member>
        <member name="P:RotationSolver.Basic.Rotations.CustomRotation.CurrentMp">
            <summary>
            Player's MP.
            </summary>
        </member>
        <member name="P:RotationSolver.Basic.Rotations.CustomRotation.Condition">
            <summary>
            Condition.
            </summary>
        </member>
        <member name="P:RotationSolver.Basic.Rotations.CustomRotation.IsFullParty">
            <summary>
            Whether the number of party members is 8.
            </summary>
        </member>
        <member name="P:RotationSolver.Basic.Rotations.CustomRotation.Target">
            <summary>
            The player's target.
            </summary>
        </member>
        <member name="P:RotationSolver.Basic.Rotations.CustomRotation.IsTargetDying">
            <summary>
            Shortcut for Target.IsDying();
            </summary>
        </member>
        <member name="P:RotationSolver.Basic.Rotations.CustomRotation.IsTargetBoss">
            <summary>
            Shortcut for Target.IsBoss();
            </summary>
        </member>
        <member name="P:RotationSolver.Basic.Rotations.CustomRotation.HasHostilesInRange">
            <summary>
            Is there any hostile target in range? 25 for ranged jobs and healer, 3 for melee and tank.
            </summary>
        </member>
        <member name="P:RotationSolver.Basic.Rotations.CustomRotation.NumberOfHostilesInRange">
            <summary>
            How many hostile targets in range? 25 for ranged jobs and healer, 3 for melee and tank.
            </summary>
        </member>
        <member name="P:RotationSolver.Basic.Rotations.CustomRotation.NumberOfHostilesInMaxRange">
            <summary>
            How many hostile targets in max range (25 yalms) regardless of job
            </summary>
        </member>
        <member name="P:RotationSolver.Basic.Rotations.CustomRotation.InBurst">
            <summary>
            Is in burst right now? Usually it used with team support actions.
            </summary>
        </member>
        <member name="P:RotationSolver.Basic.Rotations.CustomRotation.RecordActions">
            <summary>
             The actions that were used by player successfully. The first one is the latest successfully used one.
            </summary>
        </member>
        <member name="P:RotationSolver.Basic.Rotations.CustomRotation.TimeSinceLastAction">
            <summary>
            How much time has passed since the last action was released.
            </summary>
        </member>
        <member name="M:RotationSolver.Basic.Rotations.CustomRotation.IsLastGCD(System.Boolean,RotationSolver.Basic.Actions.IAction[])">
            <summary>
            Check for GCD Record.
            <br>WARNING: Do Not make this method the main of your rotation.</br>
            </summary>
            <param name="isAdjust">Check for adjust id not raw id.</param>
            <param name="actions">True if any of this is matched.</param>
            <returns></returns>
        </member>
        <member name="M:RotationSolver.Basic.Rotations.CustomRotation.IsLastGCD(RotationSolver.Basic.Data.ActionID[])">
            <summary>
            Check for GCD Record.
            <br>WARNING: Do Not make this method the main of your rotation.</br>
            </summary>
            <param name="ids">True if any of this is matched.</param>
            <returns></returns>
        </member>
        <member name="M:RotationSolver.Basic.Rotations.CustomRotation.IsLastAbility(System.Boolean,RotationSolver.Basic.Actions.IAction[])">
            <summary>
            Check for ability Record.
            <br>WARNING: Do Not make this method the main of your rotation.</br>
            </summary>
            <param name="isAdjust">Check for adjust id not raw id.</param>
            <param name="actions">True if any of this is matched.</param>
            <returns></returns>
        </member>
        <member name="M:RotationSolver.Basic.Rotations.CustomRotation.IsLastAbility(RotationSolver.Basic.Data.ActionID[])">
            <summary>
            Check for ability Record.
            <br>WARNING: Do Not make this method the main of your rotation.</br>
            </summary>
            <param name="ids">True if any of this is matched.</param>
            <returns></returns>
        </member>
        <member name="M:RotationSolver.Basic.Rotations.CustomRotation.IsLastAction(System.Boolean,RotationSolver.Basic.Actions.IAction[])">
            <summary>
            Check for action Record.
            <br>WARNING: Do Not make this method the main of your rotation.</br>
            </summary>
            <param name="isAdjust">Check for adjust id not raw id.</param>
            <param name="actions">True if any of this is matched.</param>
            <returns></returns>
        </member>
        <member name="M:RotationSolver.Basic.Rotations.CustomRotation.IsLastAction(RotationSolver.Basic.Data.ActionID[])">
            <summary>
            Check for action Record.
            <br>WARNING: Do Not make this method the main of your rotation.</br>
            </summary>
            <param name="ids">True if any of this is matched.</param>
            <returns></returns>
        </member>
        <member name="M:RotationSolver.Basic.Rotations.CustomRotation.CombatElapsedLessGCD(System.Int32)">
            <summary>
            <br>WARNING: Do Not make this method the main of your rotation.</br>
            </summary>
            <param name="GCD"></param>
            <returns></returns>
        </member>
        <member name="M:RotationSolver.Basic.Rotations.CustomRotation.CombatElapsedLess(System.Single)">
            <summary>
            Whether the battle lasted less than <paramref name="time"/> seconds
            <br>WARNING: Do Not make this method the main of your rotation.</br>
            </summary>
            <param name="time">time in second.</param>
            <returns></returns>
        </member>
        <member name="M:RotationSolver.Basic.Rotations.CustomRotation.StopMovingElapsedLessGCD(System.Int32)">
            <summary>
            <br>WARNING: Do Not make this method the main of your rotation.</br>
            </summary>
            <param name="GCD"></param>
            <returns></returns>
        </member>
        <member name="M:RotationSolver.Basic.Rotations.CustomRotation.StopMovingElapsedLess(System.Single)">
            <summary>
            <br>WARNING: Do Not make this method the main of your rotation.</br>
            </summary>
            <param name="time">time in second.</param>
            <returns></returns>
        </member>
        <member name="M:RotationSolver.Basic.Rotations.ICustomRotation.DisplayStatus">
            <summary>
            This is an <seealso cref="T:ImGuiNET.ImGui"/> method for display the rotation status on Window.
            </summary>
        </member>
        <member name="M:RotationSolver.Basic.Rotations.ICustomRotation.OnTerritoryChanged">
            <summary>
            It occur when territory changed or rotation changed.
            </summary>
        </member>
    </members>
</doc>
