{
  "Author": "ArchiTed",
  "Name": "Rotation Solver",
  "InternalName": "RotationSolver",
  "AssemblyVersion": "2.10.0.2",
  "Description": "Analyses PvE combat information every frame and finds the best action.\n\nThis means almost all the information available in one frame in combat, including the status of all players in the party, the status of any hostile targets, skill cooldowns, the MP and HP of characters, the location of characters, casting status of the hostile target, combo, combat duration, player level, etc.\n\nThen, it will highlight the best action on the hot bar, or help you to click on it.\n\nIt is designed for `general combat`, not for savage or ultimate. Use it carefully.",
  "ApplicableVersion": "any",
  "RepoUrl": "https://github.com/ArchiDog1998/RotationSolver",
  "Tags": [
    "combat",
    "rotation"
  ],
  "CategoryTags": [
    "jobs"
  ],
  "DalamudApiLevel": 8,
  "LoadRequiredState": 0,
  "LoadSync": false,
  "CanUnloadAsync": false,
  "LoadPriority": 0,
  "IconUrl": "https://raw.githubusercontent.com/ArchiDog1998/RotationSolver/main/docs/RotationSolverIcon_128.png",
  "Punchline": "Analyses PvE combat information every frame and finds the best action.",
  "AcceptsFeedback": true
}