<?xml version="1.0"?>
<doc>
    <assembly>
        <name>RotationSolver.Basic</name>
    </assembly>
    <members>
        <member name="P:RotationSolver.Basic.Actions.BaseAction.RecastTime">
            <summary>
            复唱时间
            </summary>
        </member>
        <member name="P:RotationSolver.Basic.Actions.BaseAction.RecastTimeElapsed">
            <summary>
            复唱经过时间
            </summary>
        </member>
        <member name="P:RotationSolver.Basic.Actions.BaseAction.IsCoolingDown">
            <summary>
            是否正在冷却中
            </summary>
        </member>
        <member name="P:RotationSolver.Basic.Actions.BaseAction.RecastTimeRemain">
            <summary>
            复唱剩余时间
            </summary>
        </member>
        <member name="P:RotationSolver.Basic.Actions.BaseAction.MaxCharges">
            <summary>
            技能的最大层数
            </summary>
        </member>
        <member name="P:RotationSolver.Basic.Actions.BaseAction.HasOneCharge">
            <summary>
            是否起码有一层技能
            </summary>
        </member>
        <member name="P:RotationSolver.Basic.Actions.BaseAction.CurrentCharges">
            <summary>
            当前技能层数
            </summary>
        </member>
        <member name="P:RotationSolver.Basic.Actions.BaseAction.RecastTimeRemainOneCharge">
            <summary>
            下一层转好的时间
            </summary>
        </member>
        <member name="P:RotationSolver.Basic.Actions.BaseAction.Target">
            <summary>
            The action's target.
            </summary>
        </member>
        <member name="M:RotationSolver.Basic.Actions.BaseAction.CheckStatus(Dalamud.Game.ClientState.Objects.Types.BattleChara)">
            <summary>
            
            </summary>
            <param name="tar"></param>
            <returns>True for add Eot.</returns>
        </member>
        <member name="P:RotationSolver.Basic.Actions.IAction.RecastTimeElapsed">
            <summary>
            Please don't use it.
            </summary>
        </member>
        <member name="P:RotationSolver.Basic.Actions.IAction.IsCoolingDown">
            <summary>
            Is action cooling down.
            </summary>
        </member>
        <member name="P:RotationSolver.Basic.Actions.IBaseAction.MPNeed">
            <summary>
            MP for casting.
            </summary>
        </member>
        <member name="P:RotationSolver.Basic.Actions.IBaseAction.CastTime">
            <summary>
            Casting time
            </summary>
        </member>
        <member name="P:RotationSolver.Basic.Actions.IBaseAction.StatusProvide">
            <summary>
            If player has these statuses from player self, this action will not used.
            </summary>
        </member>
        <member name="P:RotationSolver.Basic.Actions.IBaseAction.StatusNeed">
            <summary>
            If player doesn't have these statuses from player self, this action will not used.
            </summary>
        </member>
        <member name="P:RotationSolver.Basic.Actions.IBaseAction.ActionCheck">
            <summary>
            Check for this action, but not for the rotation. It is some additional conditions for this action.
            Input data is the target for this action.
            </summary>
        </member>
        <member name="P:RotationSolver.Basic.Actions.IBaseAction.IsRealGCD">
            <summary>
            Is a GCD action.
            </summary>
        </member>
        <member name="P:RotationSolver.Basic.Actions.IBaseAction.IsGeneralGCD">
            <summary>
            Is a simple gcd action, without other cooldown.
            </summary>
        </member>
        <member name="P:RotationSolver.Basic.Actions.IBaseAction.FilterForHostiles">
            <summary>
            The filter for hostiles.
            </summary>
        </member>
        <member name="M:RotationSolver.Basic.Actions.IBaseAction.CanUse(RotationSolver.Basic.Actions.IAction@,RotationSolver.Basic.Data.CanUseOption,System.Byte)">
            <summary>
            Can I use this action at this time. It will check a lot of things.
            Level, Enabled, Action Status, MP, Player Status, Coll down, Combo, Moving (for casting), Charges, Target, etc.
            </summary>
            <param name="act"></param>
            <param name="option">Options about using this method.</param>
            <param name="gcdCountForAbility">The count of gcd for ability to delay. Only used in BLM right now</param>
            <returns>Should I use.</returns>
        </member>
        <member name="P:RotationSolver.Basic.Actions.IBaseAction.CurrentCharges">
            <summary>
            Current charges count.
            </summary>
        </member>
        <member name="P:RotationSolver.Basic.Actions.IBaseAction.MaxCharges">
            <summary>
            Max charges count.
            </summary>
        </member>
        <member name="P:RotationSolver.Basic.Actions.IBaseAction.HasOneCharge">
            <summary>
            At least has one Charge
            </summary>
        </member>
        <member name="M:RotationSolver.Basic.Actions.IBaseAction.ElapsedOneChargeAfterGCD(System.UInt32,System.Single)">
            <summary>
            Has it been in cooldown for <paramref name="gcdCount"/> gcds and <paramref name="offset"/> abilities?
            </summary>
            <param name="gcdCount"></param>
            <param name="offset"></param>
            <returns></returns>
        </member>
        <member name="M:RotationSolver.Basic.Actions.IBaseAction.ElapsedOneChargeAfter(System.Single)">
            <summary>
            Has it been in cooldown for <paramref name="time"/> seconds?
            </summary>
            <param name="time"></param>
            <returns></returns>
        </member>
        <member name="M:RotationSolver.Basic.Actions.IBaseAction.ElapsedAfterGCD(System.UInt32,System.Single)">
            <summary>
            Has it been in cooldown for <paramref name="gcdCount"/> gcds and <paramref name="offset"/> abilities?
            </summary>
            <param name="gcdCount"></param>
            <param name="offset"></param>
            <returns></returns>
        </member>
        <member name="M:RotationSolver.Basic.Actions.IBaseAction.ElapsedAfter(System.Single)">
            <summary>
            Has it been in cooldown for <paramref name="time"/> seconds?
            </summary>
            <param name="time"></param>
            <returns></returns>
        </member>
        <member name="M:RotationSolver.Basic.Actions.IBaseAction.WillHaveOneChargeGCD(System.UInt32,System.Single)">
            <summary>
            Will have at least one charge after <paramref name="gcdCount"/> gcds and <paramref name="offset"/> abilities?
            </summary>
            <param name="gcdCount"></param>
            <param name="offset"></param>
            <returns></returns>
        </member>
        <member name="M:RotationSolver.Basic.Actions.IBaseAction.WillHaveOneCharge(System.Single)">
            <summary>
            Will have at least one charge after <paramref name="remain"/> seconds?
            </summary>
            <param name="remain"></param>
            <returns></returns>
        </member>
        <member name="P:RotationSolver.Basic.Actions.IBaseAction.TargetStatus">
            <summary>
            If target has these statuses from player self, this aciton will not used.
            </summary>
        </member>
        <member name="P:RotationSolver.Basic.Actions.IBaseAction.IsTargetBoss">
            <summary>
            Is target a boss.
            </summary>
        </member>
        <member name="P:RotationSolver.Basic.Actions.IBaseAction.IsTargetDying">
            <summary>
            Is target will die immediately.
            </summary>
        </member>
        <member name="P:RotationSolver.Basic.Actions.IBaseAction.IsSingleTarget">
            <summary>
            Is this action's target type is target only one.
            </summary>
        </member>
        <member name="T:RotationSolver.Basic.Attributes.AssemblyLinkAttribute">
            <summary>
            An attribute to add the help and support link.
            </summary>
        </member>
        <member name="T:RotationSolver.Basic.Attributes.AuthorHashAttribute">
            <summary>
            Put your hash code from debug tab into this.
            In this case if someone is using this plugin with you in the same duty. They'll use some emote to you!
            </summary>
        </member>
        <member name="M:RotationSolver.Basic.Configuration.RotationConfig.IRotationConfigSet.GetString(System.String)">
            <summary>
            Get the raw string value in the saved dictionary, is not readable.
            </summary>
            <param name="name"></param>
            <returns></returns>
        </member>
        <member name="M:RotationSolver.Basic.Configuration.RotationConfig.IRotationConfigSet.GetDisplayString(System.String)">
            <summary>
            Get the readable string for display.
            </summary>
            <param name="name"></param>
            <returns></returns>
        </member>
        <member name="P:RotationSolver.Basic.DataCenter.ActionRemain">
            <summary>
            Time to the next action
            </summary>
        </member>
        <member name="T:RotationSolver.Basic.Data.ActionID">
            <summary>
            The id of the action
            </summary>
        </member>
        <member name="F:RotationSolver.Basic.Data.ActionOption.Friendly">
            <summary>
            is a friendly or supporting action
            </summary>
        </member>
        <member name="F:RotationSolver.Basic.Data.ActionOption.Eot">
            <summary>
            is hot or dot action
            </summary>
        </member>
        <member name="F:RotationSolver.Basic.Data.ActionOption.EndSpecial">
            <summary>
            end special after using it
            </summary>
        </member>
        <member name="F:RotationSolver.Basic.Data.ActionOption.ActionSequencer">
            <summary>
            should I put it to the Action Sequencer (Doesn't affect dps much)
            </summary>
        </member>
        <member name="F:RotationSolver.Basic.Data.ActionOption.GeneralGCD">
            <summary>
            Is a GCD action.
            </summary>
        </member>
        <member name="F:RotationSolver.Basic.Data.ActionOption.RealGCD">
            <summary>
            Is a simple gcd action, without other cooldown.
            </summary>
        </member>
        <member name="F:RotationSolver.Basic.Data.ActionOption.Dot">
            <summary>
            Dot action
            </summary>
        </member>
        <member name="F:RotationSolver.Basic.Data.ActionOption.Attack">
            <summary>
            Attack action
            </summary>
        </member>
        <member name="F:RotationSolver.Basic.Data.ActionOption.Heal">
            <summary>
            Heal action
            </summary>
        </member>
        <member name="F:RotationSolver.Basic.Data.ActionOption.Defense">
            <summary>
            Defense action (you need to change the targeting strategy.
            </summary>
        </member>
        <member name="F:RotationSolver.Basic.Data.ActionOption.Hot">
            <summary>
            Hot action
            </summary>
        </member>
        <member name="F:RotationSolver.Basic.Data.ActionOption.Buff">
            <summary>
            Some buff
            </summary>
        </member>
        <member name="F:RotationSolver.Basic.Data.CanUseOption.None">
            <summary>
            Nothing serious.
            </summary>
        </member>
        <member name="F:RotationSolver.Basic.Data.CanUseOption.MustUse">
            <summary>
            AOE only need one target to use.
            Moving action don't need to have enough distance to use. 
            Skip for StatusProvide and TargetStatus checking.
            </summary>
        </member>
        <member name="F:RotationSolver.Basic.Data.CanUseOption.EmptyOrSkipCombo">
            <summary>
            Use all charges, no keeping one.
            Do not need to check the combo.
            </summary>
        </member>
        <member name="F:RotationSolver.Basic.Data.CanUseOption.SkipDisable">
            <summary>
            Skip the disable for emergency use. Please always set this to false.
            </summary>
        </member>
        <member name="F:RotationSolver.Basic.Data.CanUseOption.IgnoreTarget">
            <summary>
            Ignore the target data.
            </summary>
        </member>
        <member name="F:RotationSolver.Basic.Data.CanUseOption.IgnoreCastCheck">
            <summary>
            Ignore the check of casting an action while moving.
            </summary>
        </member>
        <member name="F:RotationSolver.Basic.Data.CanUseOption.MustUseEmpty">
            <summary>
            The combination of <see cref="F:RotationSolver.Basic.Data.CanUseOption.MustUse"/> and <see cref="F:RotationSolver.Basic.Data.CanUseOption.EmptyOrSkipCombo"/>
            </summary>
        </member>
        <member name="F:RotationSolver.Basic.Data.CanUseOption.OnLastAbility">
            <summary>
            On the last ability in one GCD.
            </summary>
        </member>
        <member name="F:RotationSolver.Basic.Data.CanUseOption.IgnoreClippingCheck">
            <summary>
            Ignore clipping check for 0GCDs.
            </summary>
        </member>
        <member name="M:RotationSolver.Basic.Helpers.ObjectHelper.IsBoss(Dalamud.Game.ClientState.Objects.Types.BattleChara)">
            <summary>
            Is character a boss? Max HP exceeds a certain amount.
            </summary>
            <param name="obj"></param>
            <returns></returns>
        </member>
        <member name="M:RotationSolver.Basic.Helpers.ObjectHelper.IsDying(Dalamud.Game.ClientState.Objects.Types.BattleChara)">
            <summary>
            Is character a dying? Current HP is below a certain amount. It is for running out of resources.
            </summary>
            <param name="b"></param>
            <returns></returns>
        </member>
        <member name="M:RotationSolver.Basic.Helpers.ObjectHelper.GetHealthRatio(Dalamud.Game.ClientState.Objects.Types.BattleChara)">
            <summary>
            Get the <paramref name="b"/>'s current HP percentage.
            </summary>
            <param name="b"></param>
            <returns></returns>
        </member>
        <member name="M:RotationSolver.Basic.Helpers.ObjectHelper.DistanceToPlayer(Dalamud.Game.ClientState.Objects.Types.GameObject)">
            <summary>
            The distance from <paramref name="obj"/> to the player
            </summary>
            <param name="obj"></param>
            <returns></returns>
        </member>
        <member name="M:RotationSolver.Basic.Helpers.StatusHelper.WillStatusEndGCD(Dalamud.Game.ClientState.Objects.Types.BattleChara,System.UInt32,System.Single,System.Boolean,RotationSolver.Basic.Data.StatusID[])">
            <summary>
            Will any of <paramref name="statusIDs"/> be end after <paramref name="gcdCount"/> gcds add <paramref name="offset"/> seconds?
            </summary>
            <param name="obj"></param>
            <param name="gcdCount"></param>
            <param name="offset"></param>
            <param name="isFromSelf"></param>
            <param name="statusIDs"></param>
            <returns></returns>
        </member>
        <member name="M:RotationSolver.Basic.Helpers.StatusHelper.WillStatusEnd(Dalamud.Game.ClientState.Objects.Types.BattleChara,System.Single,System.Boolean,RotationSolver.Basic.Data.StatusID[])">
            <summary>
            Will any of <paramref name="statusIDs"/> be end after <paramref name="time"/> seconds?
            </summary>
            <param name="obj"></param>
            <param name="time"></param>
            <param name="isFromSelf"></param>
            <param name="statusIDs"></param>
            <returns></returns>
        </member>
        <member name="M:RotationSolver.Basic.Helpers.StatusHelper.StatusTime(Dalamud.Game.ClientState.Objects.Types.BattleChara,System.Boolean,RotationSolver.Basic.Data.StatusID[])">
            <summary>
            Please Do NOT use it!
            </summary>
            <param name="obj"></param>
            <param name="isFromSelf"></param>
            <param name="statusIDs"></param>
            <returns></returns>
        </member>
        <member name="M:RotationSolver.Basic.Helpers.StatusHelper.HasStatus(Dalamud.Game.ClientState.Objects.Types.BattleChara,System.Boolean,RotationSolver.Basic.Data.StatusID[])">
            <summary>
            Has one status right now.
            </summary>
            <param name="obj"></param>
            <param name="isFromSelf"></param>
            <param name="statusIDs"></param>
            <returns></returns>
        </member>
        <member name="M:RotationSolver.Basic.Helpers.TargetFilter.FindAttackedTarget(System.Collections.Generic.IEnumerable{Dalamud.Game.ClientState.Objects.Types.BattleChara},System.Boolean)">
            <summary>
            发现被攻击的目标
            </summary>
            <param name="charas"></param>
            <param name="mustUse"></param>
            <returns></returns>
        </member>
        <member name="M:RotationSolver.Basic.Helpers.TargetFilter.ProvokeTarget(System.Collections.Generic.IEnumerable{Dalamud.Game.ClientState.Objects.Types.BattleChara},System.Boolean)">
            <summary>
            挑衅目标
            </summary>
            <param name="inputCharas"></param>
            <param name="needDistance"></param>
            <returns></returns>
        </member>
        <member name="M:RotationSolver.Basic.Helpers.TargetFilter.GetDeathPeople(System.Collections.Generic.IEnumerable{Dalamud.Game.ClientState.Objects.Types.BattleChara},System.Collections.Generic.IEnumerable{Dalamud.Game.ClientState.Objects.Types.BattleChara})">
            <summary>
            获得死亡的角色
            </summary>
            <param name="deathAll"></param>
            <param name="deathParty"></param>
            <returns></returns>
        </member>
        <member name="M:RotationSolver.Basic.Helpers.TargetFilter.GetObjectInRadius``1(System.Collections.Generic.IEnumerable{``0},System.Single)">
            <summary>
            获得范围<paramref name="radius"/>内对象<paramref name="objects"/>
            </summary>
            <typeparam name="T"></typeparam>
            <param name="objects"></param>
            <param name="radius"></param>
            <returns></returns>
        </member>
        <member name="P:RotationSolver.Basic.IEnouthLevel.EnoughLevel">
            <summary>
            Player's level is enough for this action's usage.
            </summary>
        </member>
        <member name="P:RotationSolver.Basic.Rotations.Basic.DNC_Base.Cascade">
            <summary>
            1
            </summary>
        </member>
        <member name="P:RotationSolver.Basic.Rotations.Basic.DNC_Base.Fountain">
            <summary>
            2
            </summary>
        </member>
        <member name="P:RotationSolver.Basic.Rotations.Basic.DNC_Base.ReverseCascade">
            <summary>
            3
            </summary>
        </member>
        <member name="P:RotationSolver.Basic.Rotations.Basic.DNC_Base.FountainFall">
            <summary>
            4
            </summary>
        </member>
        <member name="P:RotationSolver.Basic.Rotations.Basic.DNC_Base.Windmill">
            <summary>
            1
            </summary>
        </member>
        <member name="P:RotationSolver.Basic.Rotations.Basic.DNC_Base.BladeShower">
            <summary>
            2
            </summary>
        </member>
        <member name="P:RotationSolver.Basic.Rotations.Basic.DNC_Base.RisingWindmill">
            <summary>
            3
            </summary>
        </member>
        <member name="P:RotationSolver.Basic.Rotations.Basic.DNC_Base.BloodShower">
            <summary>
            4
            </summary>
        </member>
        <member name="P:RotationSolver.Basic.Rotations.Basic.DRG_Base.FocusCount">
            <summary>
            Firstminds Count
            </summary>
        </member>
        <member name="P:RotationSolver.Basic.Rotations.Basic.DRG_Base.TrueThrust">
            <summary>
            1
            </summary>
        </member>
        <member name="P:RotationSolver.Basic.Rotations.Basic.DRG_Base.VorpalThrust">
            <summary>
            2
            </summary>
        </member>
        <member name="P:RotationSolver.Basic.Rotations.Basic.DRG_Base.FullThrust">
            <summary>
            3
            </summary>
        </member>
        <member name="P:RotationSolver.Basic.Rotations.Basic.DRG_Base.HeavensThrust">
            <summary>
            3
            </summary>
        </member>
        <member name="P:RotationSolver.Basic.Rotations.Basic.DRG_Base.DoomSpike">
            <summary>
            1
            </summary>
        </member>
        <member name="P:RotationSolver.Basic.Rotations.Basic.DRG_Base.SonicThrust">
            <summary>
            2
            </summary>
        </member>
        <member name="P:RotationSolver.Basic.Rotations.Basic.DRG_Base.CoerthanTorment">
            <summary>
            3
            </summary>
        </member>
        <member name="P:RotationSolver.Basic.Rotations.Basic.DRK_Base.HardSlash">
            <summary>
            1
            </summary>
        </member>
        <member name="P:RotationSolver.Basic.Rotations.Basic.DRK_Base.SyphonStrike">
            <summary>
            2
            </summary>
        </member>
        <member name="P:RotationSolver.Basic.Rotations.Basic.DRK_Base.Souleater">
            <summary>
            3
            </summary>
        </member>
        <member name="P:RotationSolver.Basic.Rotations.Basic.DRK_Base.Unleash">
            <summary>
            1
            </summary>
        </member>
        <member name="P:RotationSolver.Basic.Rotations.Basic.DRK_Base.StalwartSoul">
            <summary>
            2
            </summary>
        </member>
        <member name="P:RotationSolver.Basic.Rotations.Basic.GNB_Base.KeenEdge">
            <summary>
            1
            </summary>
        </member>
        <member name="P:RotationSolver.Basic.Rotations.Basic.GNB_Base.BrutalShell">
            <summary>
            2
            </summary>
        </member>
        <member name="P:RotationSolver.Basic.Rotations.Basic.GNB_Base.SolidBarrel">
            <summary>
            3
            </summary>
        </member>
        <member name="P:RotationSolver.Basic.Rotations.Basic.GNB_Base.DemonSlice">
            <summary>
            1
            </summary>
        </member>
        <member name="P:RotationSolver.Basic.Rotations.Basic.GNB_Base.DemonSlaughter">
            <summary>
            2
            </summary>
        </member>
        <member name="P:RotationSolver.Basic.Rotations.Basic.MCH_Base.SplitShot">
            <summary>
            1
            </summary>
        </member>
        <member name="P:RotationSolver.Basic.Rotations.Basic.MCH_Base.SlugShot">
            <summary>
            2
            </summary>
        </member>
        <member name="P:RotationSolver.Basic.Rotations.Basic.MCH_Base.CleanShot">
            <summary>
            3
            </summary>
        </member>
        <member name="P:RotationSolver.Basic.Rotations.Basic.MCH_Base.SpreadShot">
            <summary>
            1
            </summary>
        </member>
        <member name="P:RotationSolver.Basic.Rotations.Basic.MCH_Base.AutoCrossbow">
            <summary>
            2
            </summary>
        </member>
        <member name="P:RotationSolver.Basic.Rotations.Basic.NIN_Base.SpinningEdge">
            <summary>
            1
            </summary>
        </member>
        <member name="P:RotationSolver.Basic.Rotations.Basic.NIN_Base.GustSlash">
            <summary>
            2
            </summary>
        </member>
        <member name="P:RotationSolver.Basic.Rotations.Basic.NIN_Base.AeolianEdge">
            <summary>
            3
            </summary>
        </member>
        <member name="P:RotationSolver.Basic.Rotations.Basic.NIN_Base.ArmorCrush">
            <summary>
            4
            </summary>
        </member>
        <member name="P:RotationSolver.Basic.Rotations.Basic.NIN_Base.DeathBlossom">
            <summary>
            1
            </summary>
        </member>
        <member name="P:RotationSolver.Basic.Rotations.Basic.NIN_Base.HakkeMujinsatsu">
            <summary>
            2
            </summary>
        </member>
        <member name="P:RotationSolver.Basic.Rotations.Basic.PLD_Base.FastBlade">
            <summary>
            1
            </summary>
        </member>
        <member name="P:RotationSolver.Basic.Rotations.Basic.PLD_Base.RiotBlade">
            <summary>
            2
            </summary>
        </member>
        <member name="P:RotationSolver.Basic.Rotations.Basic.PLD_Base.RageOfHalone">
            <summary>
            3
            </summary>
        </member>
        <member name="P:RotationSolver.Basic.Rotations.Basic.PLD_Base.TotalEclipse">
            <summary>
            1
            </summary>
        </member>
        <member name="P:RotationSolver.Basic.Rotations.Basic.PLD_Base.Prominence">
            <summary>
            2
            </summary>
        </member>
        <member name="P:RotationSolver.Basic.Rotations.Basic.RPR_Base.Slice">
            <summary>
            1
            </summary>
        </member>
        <member name="P:RotationSolver.Basic.Rotations.Basic.RPR_Base.WaxingSlice">
            <summary>
            2
            </summary>
        </member>
        <member name="P:RotationSolver.Basic.Rotations.Basic.RPR_Base.InfernalSlice">
            <summary>
            3
            </summary>
        </member>
        <member name="P:RotationSolver.Basic.Rotations.Basic.RPR_Base.SpinningScythe">
            <summary>
            1
            </summary>
        </member>
        <member name="P:RotationSolver.Basic.Rotations.Basic.RPR_Base.NightmareScythe">
            <summary>
            2
            </summary>
        </member>
        <member name="P:RotationSolver.Basic.Rotations.Basic.WAR_Base.HeavySwing">
            <summary>
            1
            </summary>
        </member>
        <member name="P:RotationSolver.Basic.Rotations.Basic.WAR_Base.Maim">
            <summary>
            2
            </summary>
        </member>
        <member name="P:RotationSolver.Basic.Rotations.Basic.WAR_Base.StormsPath">
            <summary>
            3
            </summary>
        </member>
        <member name="P:RotationSolver.Basic.Rotations.Basic.WAR_Base.StormsEye">
            <summary>
            4
            </summary>
        </member>
        <member name="P:RotationSolver.Basic.Rotations.Basic.WAR_Base.Overpower">
            <summary>
            1
            </summary>
        </member>
        <member name="P:RotationSolver.Basic.Rotations.Basic.WAR_Base.MythrilTempest">
            <summary>
            2
            </summary>
        </member>
        <member name="M:RotationSolver.Basic.Rotations.CustomRotation.UpdateInfo">
            <summary>
            Update your customized field.
            </summary>
        </member>
        <member name="P:RotationSolver.Basic.Rotations.CustomRotation.Player">
            <summary>
            This is the player.
            </summary>
        </member>
        <member name="P:RotationSolver.Basic.Rotations.CustomRotation.Level">
            <summary>
            The level of the player.
            </summary>
        </member>
        <member name="P:RotationSolver.Basic.Rotations.CustomRotation.HasSwift">
            <summary>
            Does player have swift cast, dual cast or triple cast.
            </summary>
        </member>
        <member name="P:RotationSolver.Basic.Rotations.CustomRotation.HasTankStance">
            <summary>
            
            </summary>
        </member>
        <member name="P:RotationSolver.Basic.Rotations.CustomRotation.IsMoving">
            <summary>
            Check the player is moving, such as running, walking or jumping.
            </summary>
        </member>
        <member name="P:RotationSolver.Basic.Rotations.CustomRotation.InCombat">
            <summary>
            Is in combat.
            </summary>
        </member>
        <member name="P:RotationSolver.Basic.Rotations.CustomRotation.CurrentMp">
            <summary>
            Player's MP.
            </summary>
        </member>
        <member name="P:RotationSolver.Basic.Rotations.CustomRotation.Condition">
            <summary>
            Condition.
            </summary>
        </member>
        <member name="P:RotationSolver.Basic.Rotations.CustomRotation.IsFullParty">
            <summary>
            Whether the number of party members is 8.
            </summary>
        </member>
        <member name="P:RotationSolver.Basic.Rotations.CustomRotation.Target">
            <summary>
            The player's target.
            </summary>
        </member>
        <member name="P:RotationSolver.Basic.Rotations.CustomRotation.IsTargetDying">
            <summary>
            Shortcut for Target.IsDying();
            </summary>
        </member>
        <member name="P:RotationSolver.Basic.Rotations.CustomRotation.IsTargetBoss">
            <summary>
            Shortcut for Target.IsBoss();
            </summary>
        </member>
        <member name="P:RotationSolver.Basic.Rotations.CustomRotation.HasHostilesInRange">
            <summary>
            Is there any hostile target in range? 25 for ranged jobs and healer, 3 for melee and tank.
            </summary>
        </member>
        <member name="P:RotationSolver.Basic.Rotations.CustomRotation.NumberOfHostilesInRange">
            <summary>
            How many hostile targets in range? 25 for ranged jobs and healer, 3 for melee and tank.
            </summary>
        </member>
        <member name="P:RotationSolver.Basic.Rotations.CustomRotation.NumberOfHostilesInMaxRange">
            <summary>
            How many hostile targets in max range (25 yalms) regardless of job
            </summary>
        </member>
        <member name="P:RotationSolver.Basic.Rotations.CustomRotation.InBurst">
            <summary>
            Is in burst right now? Usually it used with team support actions.
            </summary>
        </member>
        <member name="P:RotationSolver.Basic.Rotations.CustomRotation.RecordActions">
            <summary>
             The actions that were used by player successfully. The first one is the latest successfully used one.
            </summary>
        </member>
        <member name="P:RotationSolver.Basic.Rotations.CustomRotation.TimeSinceLastAction">
            <summary>
            How much time has passed since the last action was released.
            </summary>
        </member>
        <member name="M:RotationSolver.Basic.Rotations.CustomRotation.IsLastGCD(System.Boolean,RotationSolver.Basic.Actions.IAction[])">
            <summary>
            Check for GCD Record.
            <br>WARNING: Do Not make this method the main of your rotation.</br>
            </summary>
            <param name="isAdjust">Check for adjust id not raw id.</param>
            <param name="actions">True if any of this is matched.</param>
            <returns></returns>
        </member>
        <member name="M:RotationSolver.Basic.Rotations.CustomRotation.IsLastGCD(RotationSolver.Basic.Data.ActionID[])">
            <summary>
            Check for GCD Record.
            <br>WARNING: Do Not make this method the main of your rotation.</br>
            </summary>
            <param name="ids">True if any of this is matched.</param>
            <returns></returns>
        </member>
        <member name="M:RotationSolver.Basic.Rotations.CustomRotation.IsLastAbility(System.Boolean,RotationSolver.Basic.Actions.IAction[])">
            <summary>
            Check for ability Record.
            <br>WARNING: Do Not make this method the main of your rotation.</br>
            </summary>
            <param name="isAdjust">Check for adjust id not raw id.</param>
            <param name="actions">True if any of this is matched.</param>
            <returns></returns>
        </member>
        <member name="M:RotationSolver.Basic.Rotations.CustomRotation.IsLastAbility(RotationSolver.Basic.Data.ActionID[])">
            <summary>
            Check for ability Record.
            <br>WARNING: Do Not make this method the main of your rotation.</br>
            </summary>
            <param name="ids">True if any of this is matched.</param>
            <returns></returns>
        </member>
        <member name="M:RotationSolver.Basic.Rotations.CustomRotation.IsLastAction(System.Boolean,RotationSolver.Basic.Actions.IAction[])">
            <summary>
            Check for action Record.
            <br>WARNING: Do Not make this method the main of your rotation.</br>
            </summary>
            <param name="isAdjust">Check for adjust id not raw id.</param>
            <param name="actions">True if any of this is matched.</param>
            <returns></returns>
        </member>
        <member name="M:RotationSolver.Basic.Rotations.CustomRotation.IsLastAction(RotationSolver.Basic.Data.ActionID[])">
            <summary>
            Check for action Record.
            <br>WARNING: Do Not make this method the main of your rotation.</br>
            </summary>
            <param name="ids">True if any of this is matched.</param>
            <returns></returns>
        </member>
        <member name="M:RotationSolver.Basic.Rotations.CustomRotation.EndAfterGCD(System.Single,System.UInt32,System.Single)">
            <summary>
            Is the thing still there after <paramref name="gcdCount"/> gcds and <paramref name="offset"/> abilities.
            </summary>
            <param name="remain">jobgauge time</param>
            <param name="gcdCount"></param>
            <param name="offset"></param>
            <returns></returns>
        </member>
        <member name="M:RotationSolver.Basic.Rotations.CustomRotation.EndAfter(System.Single,System.Single)">
            <summary>
            Is the thing still there after <paramref name="remainNeed"/> seconds
            </summary>
            <param name="remain">jobgauge time</param>
            <param name="remainNeed">seconds</param>
            <returns></returns>
        </member>
        <member name="M:RotationSolver.Basic.Rotations.CustomRotation.CombatElapsedLess(System.Single)">
            <summary>
            Whether the battle lasted less than <paramref name="time"/> seconds
            <br>WARNING: Do Not make this method the main of your rotation.</br>
            </summary>
            <param name="time">time in second.</param>
            <returns></returns>
        </member>
        <member name="M:RotationSolver.Basic.Rotations.CustomRotation.CombatElapsedLessGCD(System.Int32)">
            <summary>
            <br>WARNING: Do Not make this method the main of your rotation.</br>
            </summary>
            <param name="GCD"></param>
            <returns></returns>
        </member>
        <member name="M:RotationSolver.Basic.Rotations.ICustomRotation.DisplayStatus">
            <summary>
            This is an <seealso cref="T:ImGuiNET.ImGui"/> method for display the rotation status on Window.
            </summary>
        </member>
        <member name="M:RotationSolver.Basic.Rotations.ICustomRotation.OnTerritoryChanged">
            <summary>
            It occur when territory changed or rotation changed.
            </summary>
        </member>
    </members>
</doc>
